key,name,fermentation_type,style_region,provenance,temp_c_median,temp_c_lo,temp_c_hi,duration_h_median,duration_h_lo,duration_h_hi,salt_pct_median,salt_pct_lo,salt_pct_hi,sugar_g_per_kg_median,sugar_g_per_kg_lo,sugar_g_per_kg_hi,aerobic,method,stages,safety_targets,reported_aromas,sources,status,notes,temp_schedule,envelope_basis,model_scope,handoff,planner_style
milk_kefir_grains_5pct_24h,Milk kefir from grains 5%,kefir,Korean laboratory cow-milk kefir,peer_reviewed,25,22,25,24,16.8,31.2,,,,,,,no,grain_inoculated,ferment 24 h,,,Youn2022-kefir,active,50 g grains per 1 L milk; milk volume normalized as 1 kg/L approximation; point values; curation § 1 rule 4 (Q25): widened single-value temperature and duration,,widened_single_value,in_range,,
milk_kefir_grains_10pct_extended,Milk kefir from grains 10% extended,kefir,Korean laboratory antimicrobial study,peer_reviewed,25,22,25,48,24,72,,,,,,,no,grain_inoculated,ferment 24-72 h,,,Kim2016-kefir-antimicrobial,active,100 g grains per 1000 mL milk; milk volume normalized as 1 kg/L approximation; observed pH 4.05-3.64; curation § 1 rule 4 (Q25): widened single-value temperature,,widened_single_value,beyond_horizon,,
lactic_fresh_cheese_curd,Lactic fresh cheese curd,cheese,Lactic cheese fresh curd,traditional_documented,21.5,21,22,15.5,10,21,,,,,,,no,lactic_curd,ripen 2-3 h to pH 6.3-6.5; coagulate 8-18 h to pH 4.60,pH 4.60 curd endpoint; pH 6.3-6.5 before rennet,,AcademyCheese-lactic,active,starter culture 0.5-0.8%; rennet 5-10 mL/100 L; salt step is after curd/drainage and excluded from starting batch,,sourced,temp_outside_profile,,
rice_koji_steamed_rice,Rice koji from steamed white rice,koji,Japan,peer_reviewed,30,27,40,45,42,48,,,,,,,yes,solid_state,,temp<=40C; high humidity then ventilation; final aw~0.80,,BCCDC-koji-miso;Kagawa-miso-manual;Jung-koji-fish-sauce-2022,active,Temperature range combines BCCDC 27-40C koji control with 30C/80% RH/48h rice-koji preparation in Jung et al.; salt not applicable.,,sourced,temp_outside_profile,,
barley_koji_single_grain,Barley koji,koji,Japan,institutional_tested,30,27,40,45,42,48,,,,,,,yes,solid_state,,temp<=40C; high humidity then ventilation; final aw~0.80,,BCCDC-koji-miso,draft,BCCDC states barley koji as koji grown on barley; ingredient mass is normalized single-substrate batch; no source dose for spores.; curation § 4: draft until a barley-specific source gives the spore dose,,sourced,temp_outside_profile,,
shiro_miso_kagawa_sweet,Short sweet white rice miso,miso,Kagawa Japan,institutional_tested,27.5,25,30,480,240,720,6.1,5.5,6.6,,,,no,paste_maturation,,salt>=4%; target aw<=0.85; mature aw~0.80,sweet,Kagawa-miso-manual;BCCDC-koji-miso,active,Kagawa sweet-miso formula: rice koji 17kg boiled soybeans 15kg seed water 2kg salt 2.0-2.4kg; source salt labels 5.5-6.6%.; curation § 3: rice koji split 15:17 into White rice and Water,,sourced,in_range,,
red_rice_miso_kagawa_long,Long red rice miso,miso,Kagawa Japan,institutional_tested,27.5,25,30,6540,4320,8760,11.9,10.7,13,,,,no,paste_maturation,,salt>=4%; target aw<=0.85; mature aw~0.80,,Kagawa-miso-manual;BCCDC-koji-miso,active,Kagawa spicy/red-style formula: rice koji 17kg boiled soybeans 30kg seed water 1kg salt 5.8-7.2kg; source salt labels 10.7-13.0%.; curation § 3: rice koji split 15:17 into White rice and Water,,sourced,beyond_horizon,,
budu_traditional_anchovy_fish_sauce,Traditional anchovy budu fish sauce,garum,Thailand,peer_reviewed,,,,10950,8760,13140,21.6,20,23.1,,,,no,fish_salt,,Codex fish sauce fermentation>=4320h; salt>=200g/L; pH 5.0-6.5 typical; histamine<=40mg/100g,fishy; malty; roasty,Kanjan-budu-2021;Codex-fish-sauce,draft,Budu source gives small marine fish mostly Stolephorus spp. mixed with salt 25-30% w/w for 12-18 months; converted as fish-mass salt because the method gives 1kg anchovy plus 25% sea salt; temperature recorded only as room temperature so temp fields left empty.; curation § 4 (Q26): draft until a source states the fermentation temperature,,sourced,beyond_horizon,,
pacific_sand_lance_rice_koji_fish_sauce,Rice-koji Pacific sand lance fish sauce,garum,Korea,peer_reviewed,18,18,20,7200,5040,9360,12,8.3,15.4,,,,no,koji_fish_sauce,koji pretreat 24-72 h at 20C; main fermentation 7200 h at 18C,,fishy,Jung-koji-fish-sauce-2022,active,Salt range is converted from source additions of 10-20% salt by fish-paste mass plus 10% rice koji by fish-paste mass; total-batch salt is 8.3-15.4%.; curation § 3 (Q32): fish booked as Anchovies stand-in; rice koji split 15:17 into White rice and Water; koji pretreatment as temp_schedule; curation § 1 rule 4 (Q25): widened single-value duration,0:20;48:18,widened_single_value,temp_outside_profile;beyond_horizon,,
sauerkraut_dry_salted,Dry-salted sauerkraut,lacto_ferment,Central Europe / USDA home fermentation,institutional_tested,22.5,21.1,23.9,588,504,672,2.11,1.88,2.34,,,,no,dry_salted,,keep submerged under brine,,NCHFP-sauerkraut;Morton-salt;NIST-conversions,active,NCHFP salt conflict captured as lo-hi range,,sourced,in_range,,
dill_cucumber_pickles_brined,Brined dill cucumber pickles,lacto_ferment,United States USDA home fermentation,institutional_tested,22.5,21.1,23.9,588,504,672,3.67,3.67,3.67,,,,no,brine,,do not reduce salt; discard if soft slimy or off-odor,,NCHFP-dill-pickles;Morton-salt;NIST-conversions,draft,dill source amount is heads or tablespoons and not mass-normalised,,sourced,in_range,,
napa_kimchi_room_temp,Napa-cabbage kimchi,lacto_ferment,Korea,peer_reviewed,20,17,23,36,24,48,3.5,2,5,,,,no,dry_salted,salt 3-6 h; ferment 24-48 h,pH<=4.6 before consuming; optimum pH 4.2,sour;pungent,Jang2024-kimchi;CSU-kimchi;NCSU-kimchi;NIST-conversions,active,"composition from Jang2024 2% garlic treatment; room-temperature endpoint from CSU and NCSU; curation § 3: red pepper powder booked as Chilies until Gochugaru exists; Salted shrimp and Glutinous rice paste optional until catalogued; fridge stage unsourced, so no temp_schedule; curation § 1 rule 4 (Q25): widened single-value temperature",,widened_single_value,in_range,,
carrot_sticks_wet_brined,Wet-brined carrot sticks,lacto_ferment,University extension general vegetable ferment,institutional_tested,21.1,20,22.2,588,504,672,3.65,1.86,5.38,,,,no,brine,,pH<=4.60 when ready,,UMN-fermentation;Morton-salt;NIST-conversions,draft,brine strength is sourced but carrot-to-brine mass is not specified,,sourced,in_range,,
black_tea_kombucha_1f,Black-tea kombucha first ferment,kombucha,Peer-reviewed black tea first ferment,peer_reviewed,30,27,33,336,235.2,436.8,,,,82.8,82.8,82.8,yes,aerobic_tea,1F 336 h,,sour;sweet;vinegary;fruity,Cohen2023-kombucha,active,source starter-culture tea condition; temperature exceeds profile range; curation § 1 rule 4 (Q25): widened single-value temperature and duration,,widened_single_value,temp_outside_profile,,
green_dominant_kombucha,Green-dominant kombucha first ferment,kombucha,Peer-reviewed green-dominant tea,peer_reviewed,25,22,28,240,168,312,,,,71.1,61.6,80.3,yes,aerobic_tea,1F 240 h,,,Dartora2023-kombucha,active,green:black tea ratio 79.8:20.2 from high-green treatment; curation § 3: renamed from green_tea_kombucha_variant; curation § 1 rule 4 (Q25): widened single-value temperature and duration,,widened_single_value,in_range,,
home_starter,Home wheat starter,sourdough,FermentTrack sourdough catalogue,peer_reviewed,24,22,27,,,,0,0,0,,,,no,levain_build,1:5:5 build to model peak,,,FT-sourdough-catalogue;Landis2021,active,catalogue default has no fixed levain duration; curation § 3a (Q31): active; timing from the sourdough planner; curation § 1 rule 4 (Q25): widened single-value temperature,,widened_single_value,in_range,planner,home_starter
levain_liquide,Liquid levain,sourdough,FermentTrack sourdough catalogue,peer_reviewed,26,23,29,,,,0,0,0,,,,no,levain_build,1:3:3 build to model peak,,,FT-sourdough-catalogue;Minervini2014,active,catalogue default has no fixed levain duration; curation § 3a (Q31): active; timing from the sourdough planner; curation § 1 rule 4 (Q25): widened single-value temperature,,widened_single_value,in_range,planner,levain_liquide
levain_dur,Stiff levain,sourdough,FermentTrack sourdough catalogue,peer_reviewed,24,22,27,,,,0,0,0,,,,no,levain_build,1:3:1.65 build to model peak,,,FT-sourdough-catalogue;Minervini2014,active,catalogue default has no fixed levain duration; curation § 3a (Q31): active; timing from the sourdough planner; curation § 1 rule 4 (Q25): widened single-value temperature,,widened_single_value,in_range,planner,levain_dur
lievito_madre,Italian mother dough,sourdough,FermentTrack sourdough catalogue,peer_reviewed,27,24,30,,,,0,0,0,,,,no,levain_build,1:1:0.45 build to model peak,,,FT-sourdough-catalogue;Carbonetto2020,active,catalogue default has no fixed levain duration; curation § 3a (Q31): active; timing from the sourdough planner; curation § 1 rule 4 (Q25): widened single-value temperature,,widened_single_value,in_range,planner,lievito_madre
san_francisco,San Francisco sourdough,sourdough,FermentTrack sourdough catalogue,peer_reviewed,27,24,30,8,5.6,10.4,0,0,0,,,,no,levain_build,1:2.5:1.375 build 8 h,,,FT-sourdough-catalogue;Kline1971;Gaenzle1998,active,catalogue fixed levain build only; no bread dough bulk or proof default; curation § 1 rule 4 (Q25): widened single-value temperature and duration,,widened_single_value,in_range,planner,san_francisco
rye_sour,Rye sour,sourdough,FermentTrack sourdough catalogue,peer_reviewed,28,25,30,16,11.2,20.8,0,0,0,,,,no,levain_build,1:10:9 build 16 h,,,FT-sourdough-catalogue;Brandt2004,active,catalogue fixed levain build only; no bread dough bulk or proof default; curation § 1 rule 4 (Q25): widened single-value temperature and duration,,widened_single_value,in_range,planner,rye_sour
type_ii,Liquid sour Type II,sourdough,FermentTrack sourdough catalogue,peer_reviewed,37,34,40,18,12.6,23.4,0,0,0,,,,no,levain_build,1:10:20 build 18 h,,,FT-sourdough-catalogue;Gaenzle2003,active,catalogue fixed liquid sour only; temperature outside sourdough profile; curation § 1 rule 4 (Q25): widened single-value temperature and duration,,widened_single_value,temp_outside_profile,planner,type_ii
wine_orleans_surface,Wine vinegar by surface Orleans method,vinegar,University extension and AWRI surface vinegar,institutional_tested,25,20,30,588,504,672,,,,,,,yes,surface_culture,adjust wine to 6-8 percent ABV; inoculate with 25 percent culture; surface ferment 3-4 weeks,acetic acid >=5 percent for preserving and pickling,vinegary;sour;alcohol,AWRI2022-wine-vinegar;NCState-vinegar;UCDavis-vinegar;NIST-conversions,active,ethanol sources conflict slightly: NCState 5.5-7 percent diluted wine and AWRI about 6 percent final barrel,,sourced,temp_outside_profile,,
cider_vinegar_surface,Cider vinegar from hard cider,vinegar,University extension surface vinegar,institutional_tested,21.1,15.6,26.7,588,504,672,,,,,,,yes,surface_culture,hard cider at 6-8 percent optimal ethanol; retain 25 percent mother; surface ferment 3-4 weeks,verify acidity; homemade vinegar not for shelf-stable canned foods,vinegary;sour;alcohol,PennState-cider-vinegar;NCState-vinegar;UCDavis-vinegar;NIST-conversions,active,cider-specific temperature 60-80 F conflicts with general vinegar 68-96 F range; curation § 4: the cider-specific 60-80 F takes precedence over the general 68-96 F,,sourced,temp_outside_profile,,
