recipe_key,ingredient,catalogue_status,role,g_per_kg_median,g_per_kg_lo,g_per_kg_hi,required,source,notes,label
milk_kefir_grains_5pct_24h,Milk,existing,base,952.4,952.4,952.4,core,Youn2022-kefir Isolation of Yeast Strains From Kefir,1 L milk treated as 1000 g for batch normalization,
milk_kefir_grains_5pct_24h,Kefir grains,existing_no_aroma,starter,47.6,47.6,47.6,core,Youn2022-kefir Isolation of Yeast Strains From Kefir,50 g viable kefir grains per 1 L milk,
milk_kefir_grains_10pct_extended,Milk,existing,base,909.1,909.1,909.1,core,Kim2016-kefir-antimicrobial Kefir preparation,1000 mL milk treated as 1000 g for batch normalization,
milk_kefir_grains_10pct_extended,Kefir grains,existing_no_aroma,starter,90.9,90.9,90.9,core,Kim2016-kefir-antimicrobial Kefir preparation,100 g viable kefir grains per 1000 mL milk,
lactic_fresh_cheese_curd,Milk,existing,base,993.47,992,995,core,AcademyCheese-lactic Heat milk to coagulation temperature,100 L milk basis; milk share complements starter and rennet,
lactic_fresh_cheese_curd,Starter/cheese culture,existing_no_aroma,starter,6.46,4.98,7.94,core,AcademyCheese-lactic Starter cultures,bulk starter dose 0.5-0.8% of milk,
lactic_fresh_cheese_curd,Rennet,existing_no_aroma,starter,0.07,0.05,0.1,core,AcademyCheese-lactic Rennet,5-10 mL per 100 L; treated as water-density liquid for g/kg normalization,
rice_koji_steamed_rice,White rice,existing,base,881.3,881.3,881.3,core,Kagawa-miso-manual page 1 and page 5,15kg rice becomes part of 17kg koji; normalized with 20g koji spores and derived water uptake,
rice_koji_steamed_rice,Water,existing_no_aroma,liquid,117.5,117.5,117.5,core,Kagawa-miso-manual page 1,Derived water uptake: 17kg finished koji - 15kg rice = 2kg water,
rice_koji_steamed_rice,Koji spores (A. oryzae),existing_no_aroma,starter,1.2,1.2,1.2,core,Kagawa-miso-manual page 5,20g koji starter per 15kg rice; source starter culture is scaled separately,
barley_koji_single_grain,Pearl barley,existing,base,1000,1000,1000,core,BCCDC-koji-miso page 5,Normalized single-substrate barley koji bed; BCCDC states starter grown on barley is barley koji,
barley_koji_single_grain,Koji spores (A. oryzae),existing_no_aroma,starter,,,,core,BCCDC-koji-miso page 5,Commercial starter required; source gives purity/spore-count assurance but no recipe dose; excluded from g/kg sum,
shiro_miso_kagawa_sweet,White rice,existing,base,414.4,412.1,416.6,core,Kagawa-miso-manual page 1,"Represents finished rice koji mass; formula uses 17kg rice koji; raw rice share of the rice koji (15:17 split, curation § 3)",made into rice koji first: 15 g rice absorbs 2 g of the Water row -> 17 g koji
shiro_miso_kagawa_sweet,Soybeans,existing,base,414.4,412.1,416.7,core,Kagawa-miso-manual page 1,Formula uses 15kg boiled soybeans,
shiro_miso_kagawa_sweet,Water,existing_no_aroma,liquid,110.4,109.8,111.2,core,Kagawa-miso-manual page 1,"Formula uses 2kg seed water; includes the water the rice koji absorbed (15:17 split, curation § 3)",
shiro_miso_kagawa_sweet,Salt,existing_no_aroma,additive,60.8,55.6,65.9,core,Kagawa-miso-manual page 1,Formula uses 2.0-2.4kg salt; normalized over koji+soybeans+water+salt,
red_rice_miso_kagawa_long,White rice,existing,base,275.2,271.8,278.8,core,Kagawa-miso-manual page 1,"Represents finished rice koji mass; formula uses 17kg rice koji; raw rice share of the rice koji (15:17 split, curation § 3)",made into rice koji first: 15 g rice absorbs 2 g of the Water row -> 17 g koji
red_rice_miso_kagawa_long,Soybeans,existing,base,550.5,543.5,557.6,core,Kagawa-miso-manual page 1,Formula uses 30kg boiled soybeans,
red_rice_miso_kagawa_long,Water,existing_no_aroma,liquid,55,54.3,55.8,core,Kagawa-miso-manual page 1,"Formula uses 1kg seed water; includes the water the rice koji absorbed (15:17 split, curation § 3)",
red_rice_miso_kagawa_long,Salt,existing_no_aroma,additive,119.3,107.8,130.4,core,Kagawa-miso-manual page 1,Formula uses 5.8-7.2kg salt; normalized over koji+soybeans+water+salt,
budu_traditional_anchovy_fish_sauce,Anchovies,existing,base,784.3,769.2,800,core,Kanjan-budu-2021 Introduction and Methods,Traditional budu uses small marine fish mostly Stolephorus spp.; converted from 25-30% salt by fish mass,
budu_traditional_anchovy_fish_sauce,Salt,existing_no_aroma,additive,215.7,200,230.8,core,Kanjan-budu-2021 Introduction and Methods,Source states salt 25-30% w/w and method gives 1kg anchovy plus 25% salt; row converted to total-batch g/kg,
pacific_sand_lance_rice_koji_fish_sauce,Anchovies,existing,base,800,769.2,833.3,core,Jung-koji-fish-sauce-2022 Fig. 1 and Materials,"Fish paste mass basis; source species Ammodytes personatus; booked as Anchovies (Q32 stand-in, curation § 3)",stand-in species: recipe uses Pacific sand lance
pacific_sand_lance_rice_koji_fish_sauce,White rice,existing,base,70.6,67.9,73.5,core,Jung-koji-fish-sauce-2022 Materials and Fig. 1,"Rice koji added at 10% of fish-paste mass; represented by catalogue White rice; raw rice share of the rice koji (15:17 split, curation § 3)",made into rice koji first: 15 g rice absorbs 2 g of the Water row -> 17 g koji
pacific_sand_lance_rice_koji_fish_sauce,Water,existing_no_aroma,liquid,9.4,9,9.8,core,Jung-koji-fish-sauce-2022 Materials and Fig. 1,"includes the water the rice koji absorbed (15:17 split, curation § 3)",
pacific_sand_lance_rice_koji_fish_sauce,Salt,existing_no_aroma,additive,120,83.3,153.8,core,Jung-koji-fish-sauce-2022 Fig. 1,Salt added at 10-20% of fish-paste mass; row converted to total-batch g/kg,
sauerkraut_dry_salted,Cabbage,existing,base,978.9,976.6,981.2,core,NCHFP-sauerkraut ingredient list,complement to salt range,
sauerkraut_dry_salted,Salt,existing_no_aroma,additive,21.1,18.8,23.4,core,NCHFP-sauerkraut ingredient list and procedure; Morton-salt serving size,NCHFP lists 3/4 cup but procedure implies 15 Tbsp,
dill_cucumber_pickles_brined,Cucumber,existing,base,458.7,458.7,458.7,core,NCHFP-dill-pickles ingredient list,4 lb converted with NIST approximate mass factor,
dill_cucumber_pickles_brined,Water,existing_no_aroma,liquid,489.3,489.3,489.3,core,NCHFP-dill-pickles ingredient list,8 cups converted with NIST approximate cup factor,
dill_cucumber_pickles_brined,Salt,existing_no_aroma,additive,36.7,36.7,36.7,core,NCHFP-dill-pickles ingredient list; Morton-salt serving size,1/2 cup converted as 8 Tbsp,
dill_cucumber_pickles_brined,Vinegar,new,additive,15.3,15.3,15.3,core,NCHFP-dill-pickles ingredient list,1/4 cup converted as water-density liquid,
dill_cucumber_pickles_brined,Dill,existing,flavoring,,,,core,NCHFP-dill-pickles ingredient list,source gives 2 Tbsp seed or 4-5 heads; mass not available,
napa_kimchi_room_temp,Napa cabbage,existing,base,788.5,773.5,803.5,core,Jang2024-kimchi §2.1; CSU-kimchi salt range,salted cabbage share minus final salt range,
napa_kimchi_room_temp,Salt,existing_no_aroma,additive,35,20,50,core,CSU-kimchi How is kimchi made,final salt concentration 2-5%,
napa_kimchi_room_temp,Chilies,existing_no_aroma,flavoring,29.4,29.4,29.4,core,Jang2024-kimchi §2.1,source ingredient is red pepper powder,dried powder booked as fresh chili: dry matter understated several-fold
napa_kimchi_room_temp,Radish,existing_no_aroma,base,29.4,29.4,29.4,core,Jang2024-kimchi §2.1,source ingredient is radish,
napa_kimchi_room_temp,Fresh ginger,existing,flavoring,7.8,7.8,7.8,core,Jang2024-kimchi §2.1,source ingredient is ginger,
napa_kimchi_room_temp,Onion,existing_no_aroma,flavoring,24.5,24.5,24.5,core,Jang2024-kimchi §2.1,source ingredient is onion,
napa_kimchi_room_temp,Salted shrimp,new,flavoring,14.7,14.7,14.7,optional,Jang2024-kimchi §2.1,not in seed ingredient catalogue,not in the catalogue yet: optional
napa_kimchi_room_temp,Glutinous rice paste,new,additive,7.8,7.8,7.8,optional,Jang2024-kimchi §2.1,not in seed ingredient catalogue,not in the catalogue yet: optional
napa_kimchi_room_temp,Water,existing_no_aroma,liquid,43.1,43.1,43.1,core,Jang2024-kimchi §2.1,water share in seasoning mix,
napa_kimchi_room_temp,Garlic,existing_no_aroma,flavoring,19.6,9.8,39.2,core,Jang2024-kimchi §2.1,selected 2% treatment; source range 1-4% also recorded as lo-hi,
carrot_sticks_wet_brined,Carrot,existing_no_aroma,base,,,,core,UMN-fermentation Wet brines,source names carrot sticks but gives no produce mass,
carrot_sticks_wet_brined,Water,existing_no_aroma,liquid,963.5,946.2,981.4,core,UMN-fermentation Wet brines; NIST-conversions,brine-only normalization not total batch,
carrot_sticks_wet_brined,Salt,existing_no_aroma,additive,36.5,18.6,53.8,core,UMN-fermentation Wet brines; Morton-salt serving size,brine-only normalization from 1-3 Tbsp per quart,
black_tea_kombucha_1f,Water,existing_no_aroma,liquid,827.8,827.8,827.8,core,Cohen2023-kombucha §2.1,1 L tea water normalized with sugar tea and starter,
black_tea_kombucha_1f,Black tea leaves,existing,base,6.6,6.6,6.6,core,Cohen2023-kombucha §2.1,8 g/L loose-leaf black tea,
black_tea_kombucha_1f,Cane sugar,existing_no_aroma,base,82.8,82.8,82.8,core,Cohen2023-kombucha §2.1,100 g per L normalized to total batch,
black_tea_kombucha_1f,SCOBY / starter liquid,existing_no_aroma,starter,82.8,82.8,82.8,core,Cohen2023-kombucha §2.1,10% starter tea treated as 100 g per L,
green_dominant_kombucha,Water,existing_no_aroma,liquid,889.3,874.2,904.8,core,Dartora2023-kombucha §2.2 and Table 1,1 L water normalized with sugar tea and SCOBY range,
green_dominant_kombucha,Green tea leaves,existing,base,5,4.9,5.1,core,Dartora2023-kombucha §2.2 and Table 1,7 g/L total tea at 79.8% green,
green_dominant_kombucha,Black tea leaves,existing,base,1.3,1.2,1.3,core,Dartora2023-kombucha §2.2 and Table 1,7 g/L total tea at 20.2% black,
green_dominant_kombucha,Cane sugar,existing_no_aroma,base,71.1,61.6,80.3,core,Dartora2023-kombucha Table 1,6.81-9.19% sucrose normalized to total batch,
green_dominant_kombucha,SCOBY / starter liquid,existing_no_aroma,starter,33.3,27.2,39.3,core,Dartora2023-kombucha Table 1,SCOBY mass 15.03-22.47 g per 500 mL normalized per kg,
home_starter,Starter/levain,existing_no_aroma,starter,90.9,90.9,90.9,core,FT-sourdough-catalogue L140-L145,1:5:5 build normalized to total mix,
home_starter,White wheat flour,existing,base,454.5,454.5,454.5,core,FT-sourdough-catalogue L140-L145,fed flour from t65 mapped to White wheat flour,
home_starter,Water,existing_no_aroma,liquid,454.5,454.5,454.5,core,FT-sourdough-catalogue L140-L145,100 percent hydration fed water,
levain_liquide,Starter/levain,existing_no_aroma,starter,142.9,142.9,142.9,core,FT-sourdough-catalogue L148-L152,1:3:3 build normalized to total mix,
levain_liquide,White wheat flour,existing,base,428.6,428.6,428.6,core,FT-sourdough-catalogue L148-L152,fed flour from t65 mapped to White wheat flour,
levain_liquide,Water,existing_no_aroma,liquid,428.6,428.6,428.6,core,FT-sourdough-catalogue L148-L152,100 percent hydration fed water,
levain_dur,Starter/levain,existing_no_aroma,starter,177,177,177,core,FT-sourdough-catalogue L155-L159,1:3:1.65 build normalized to total mix,
levain_dur,White wheat flour,existing,base,531,531,531,core,FT-sourdough-catalogue L155-L159,fed flour from t65 mapped to White wheat flour,
levain_dur,Water,existing_no_aroma,liquid,292,292,292,core,FT-sourdough-catalogue L155-L159,55 percent hydration fed water,
lievito_madre,Starter/levain,existing_no_aroma,starter,408.2,408.2,408.2,core,FT-sourdough-catalogue L162-L167,1:1:0.45 build normalized to total mix,
lievito_madre,White wheat flour,existing,base,408.2,408.2,408.2,core,FT-sourdough-catalogue L162-L167,fed flour from t45 mapped to White wheat flour,
lievito_madre,Water,existing_no_aroma,liquid,183.7,183.7,183.7,core,FT-sourdough-catalogue L162-L167,45 percent hydration fed water,
san_francisco,Starter/levain,existing_no_aroma,starter,205.1,205.1,205.1,core,FT-sourdough-catalogue L171-L176,1:2.5:1.375 build normalized to total mix,
san_francisco,White wheat flour,existing,base,512.8,512.8,512.8,core,FT-sourdough-catalogue L171-L176,fed flour from t65 mapped to White wheat flour,
san_francisco,Water,existing_no_aroma,liquid,282.1,282.1,282.1,core,FT-sourdough-catalogue L171-L176,55 percent hydration fed water,
rye_sour,Starter/levain,existing_no_aroma,starter,50,50,50,core,FT-sourdough-catalogue L179-L184,1:10:9 build normalized to total mix,
rye_sour,Rye flour,existing,base,500,500,500,core,FT-sourdough-catalogue L179-L184,fed flour from rye_t130 mapped to Rye flour,
rye_sour,Water,existing_no_aroma,liquid,450,450,450,core,FT-sourdough-catalogue L179-L184,90 percent hydration fed water,
type_ii,Starter/levain,existing_no_aroma,starter,32.3,32.3,32.3,core,FT-sourdough-catalogue L187-L192,1:10:20 build normalized to total mix,
type_ii,White wheat flour,existing,base,322.6,322.6,322.6,core,FT-sourdough-catalogue L187-L192,fed flour from t80 mapped to White wheat flour,
type_ii,Water,existing_no_aroma,liquid,645.2,645.2,645.2,core,FT-sourdough-catalogue L187-L192,200 percent hydration fed water,
wine_orleans_surface,Red wine,existing,base,521.7,500,545.5,core,NCState-vinegar Wine Vinegar; AWRI2022-wine-vinegar C,red wine is diluted from 11-12 percent wine to an 8 percent ABV wine-water phase then used as 75 percent of final mix,stands for any base wine (White wine is the other modelled base)
wine_orleans_surface,Water,existing_no_aroma,liquid,228.3,204.5,250,core,NCState-vinegar Wine Vinegar; AWRI2022-wine-vinegar C,complementary dilution water in the 75 percent wine-water phase,
wine_orleans_surface,Mother of vinegar (Acetobacter),existing_no_aroma,starter,250,250,250,core,AWRI2022-wine-vinegar C,25 percent culture inoculation volume,
cider_vinegar_surface,Hard cider,existing,base,750,750,750,core,NCState-vinegar Orleans process; PennState-cider-vinegar Steps 2 and 3,fresh fermentable liquid is 75 percent after retaining 25 percent mother,
cider_vinegar_surface,Mother of vinegar (Acetobacter),existing_no_aroma,starter,250,250,250,core,NCState-vinegar Orleans process; AWRI2022-wine-vinegar C,25 percent retained mother or culture inoculum,
