key,name,fermentation_type,style_region,provenance,temp_c_median,temp_c_lo,temp_c_hi,duration_h_median,duration_h_lo,duration_h_hi,salt_pct_median,salt_pct_lo,salt_pct_hi,sugar_g_per_kg_median,sugar_g_per_kg_lo,sugar_g_per_kg_hi,aerobic,method,stages,safety_targets,reported_aromas,sources,status,notes
home_starter,Home wheat starter,sourdough,FermentTrack sourdough catalogue,peer_reviewed,24.0,24.0,24.0,,,,0.0,0.0,0.0,,,,no,levain_build,1:5:5 build to model peak,,,FT-sourdough-catalogue;Landis2021,draft,catalogue default has no fixed levain duration
levain_liquide,Liquid levain,sourdough,FermentTrack sourdough catalogue,peer_reviewed,26.0,26.0,26.0,,,,0.0,0.0,0.0,,,,no,levain_build,1:3:3 build to model peak,,,FT-sourdough-catalogue;Minervini2014,draft,catalogue default has no fixed levain duration
levain_dur,Stiff levain,sourdough,FermentTrack sourdough catalogue,peer_reviewed,24.0,24.0,24.0,,,,0.0,0.0,0.0,,,,no,levain_build,1:3:1.65 build to model peak,,,FT-sourdough-catalogue;Minervini2014,draft,catalogue default has no fixed levain duration
lievito_madre,Italian mother dough,sourdough,FermentTrack sourdough catalogue,peer_reviewed,27.0,27.0,27.0,,,,0.0,0.0,0.0,,,,no,levain_build,1:1:0.45 build to model peak,,,FT-sourdough-catalogue;Carbonetto2020,draft,catalogue default has no fixed levain duration
san_francisco,San Francisco sourdough,sourdough,FermentTrack sourdough catalogue,peer_reviewed,27.0,27.0,27.0,8.0,8.0,8.0,0.0,0.0,0.0,,,,no,levain_build,1:2.5:1.375 build 8 h,,,FT-sourdough-catalogue;Kline1971;Gaenzle1998,active,catalogue fixed levain build only; no bread dough bulk or proof default
rye_sour,Rye sour,sourdough,FermentTrack sourdough catalogue,peer_reviewed,28.0,28.0,28.0,16.0,16.0,16.0,0.0,0.0,0.0,,,,no,levain_build,1:10:9 build 16 h,,,FT-sourdough-catalogue;Brandt2004,active,catalogue fixed levain build only; no bread dough bulk or proof default
type_ii,Liquid sour Type II,sourdough,FermentTrack sourdough catalogue,peer_reviewed,37.0,37.0,37.0,18.0,18.0,18.0,0.0,0.0,0.0,,,,no,levain_build,1:10:20 build 18 h,,,FT-sourdough-catalogue;Gaenzle2003,active,catalogue fixed liquid sour only; temperature outside sourdough profile
type_iii,Dried sourdough Type III,sourdough,FermentTrack sourdough catalogue,peer_reviewed,26.0,26.0,26.0,,,,0.0,0.0,0.0,,,,no,dried_sour,dried acidifier in yeasted dough; no catalogue dough formula,,,FT-sourdough-catalogue;DeVuyst2005,draft,catalogue has dried powder but no default dough formula or duration
poolish,Poolish,sourdough,FermentTrack sourdough catalogue,traditional_documented,20.0,20.0,20.0,14.0,12.0,16.0,0.0,0.0,0.0,,,,no,yeasted_preferment,1:1000:1000 build 12-16 h,,,FT-sourdough-catalogue,draft,catalogue entry lacks external source entry
biga,Biga,sourdough,FermentTrack sourdough catalogue,traditional_documented,18.0,18.0,18.0,18.0,16.0,20.0,0.0,0.0,0.0,,,,no,yeasted_preferment,1:330:165 build 16-20 h,,,FT-sourdough-catalogue,draft,catalogue entry lacks external source entry
wine_orleans_surface,Wine vinegar by surface Orleans method,vinegar,University extension and AWRI surface vinegar,institutional_tested,25.0,20.0,30.0,588,504,672,,,,,,,yes,surface_culture,adjust wine to 6-8 percent ABV; inoculate with 25 percent culture; surface ferment 3-4 weeks,acetic acid >=5 percent for preserving and pickling,vinegary;sour;alcohol,AWRI2022-wine-vinegar;NCState-vinegar;UCDavis-vinegar;NIST-conversions,active,ethanol sources conflict slightly: NCState 5.5-7 percent diluted wine and AWRI about 6 percent final barrel
cider_vinegar_surface,Cider vinegar from hard cider,vinegar,University extension surface vinegar,institutional_tested,23.9,15.6,35.6,588,504,672,,,,,,,yes,surface_culture,hard cider at 6-8 percent optimal ethanol; retain 25 percent mother; surface ferment 3-4 weeks,verify acidity; homemade vinegar not for shelf-stable canned foods,vinegary;sour;alcohol,PennState-cider-vinegar;NCState-vinegar;UCDavis-vinegar;NIST-conversions,active,cider-specific temperature 60-80 F conflicts with general vinegar 68-96 F range
